psoda,pfries,pentree,wagest,nmgrs,nregs,hrsopen,emp,compown,chain,density,crmrte,state,prpblck,prppov,prpncar,hseval,nstores,income,county,NJ,BK,KFC,RR
1.12,1.06,1.02,4.25,3.0,5.0,16.0,27.5,1,3,4030.0,0.0528866,1,0.1711542,0.0365789,0.0788428,148300.0,3,44534.0,18,1,0,0,1
1.06,0.91,0.95,4.75,3.0,3.0,16.5,21.5,0,1,4030.0,0.0528866,1,0.1711542,0.0365789,0.0788428,148300.0,3,44534.0,18,1,1,0,0
1.06,0.91,0.98,4.25,3.0,5.0,18.0,30.0,0,1,11400.0,0.0360003,1,0.0473602,0.0879072,0.2694298,169200.0,3,41164.0,12,1,1,0,0
1.12,1.02,1.06,5.0,4.0,5.0,16.0,27.5,0,3,8345.0,0.0484232,1,0.0528394,0.0591227,0.1366903,171600.0,3,50366.0,10,1,0,0,1
1.12,,0.49,5.0,3.0,3.0,16.0,5.0,0,1,720.0,0.061589,1,0.03448,0.0254145,0.073802,249100.0,1,72287.0,10,1,1,0,0
1.06,0.95,1.01,4.25,4.0,4.0,15.0,17.5,0,1,4424.0,0.0334823,1,0.0591327,0.0835001,0.1151341,148000.0,2,44515.0,18,1,1,0,0
1.17,0.95,0.95,4.65,3.0,2.0,16.0,22.5,0,1,2678.0,0.0310296,1,0.0186773,0.0292349,0.0501854,212700.0,1,62056.0,10,1,1,0,0
1.17,1.02,1.06,4.5,3.0,5.0,17.0,18.5,1,3,6405.0,0.0419001,1,0.004906,0.0337599,0.0827105,198800.0,1,53655.0,24,1,0,0,1
1.18,1.02,1.06,,4.0,4.0,17.0,17.0,0,1,18388.0,0.0945454,1,0.9210559,0.2036816,0.391949,103800.0,5,31314.0,10,1,1,0,0
1.17,1.12,1.02,4.25,3.0,5.0,18.0,27.0,1,3,18388.0,0.0945454,1,0.9210559,0.2036816,0.391949,103800.0,5,31314.0,10,1,0,0,1
1.06,1.02,2.34,4.75,3.0,5.0,12.0,11.0,1,2,18388.0,0.0945454,1,0.9210559,0.2036816,0.391949,103800.0,5,31314.0,10,1,0,1,0
1.06,1.05,1.06,4.5,4.0,2.0,15.5,20.0,0,4,18388.0,0.0945454,1,0.9210559,0.2036816,0.391949,103800.0,5,31314.0,10,1,0,0,0
1.05,0.95,2.74,4.25,3.0,5.0,13.5,17.0,0,2,11401.0,0.14823,1,0.9210559,0.2036816,0.391949,103800.0,5,31314.0,10,1,0,1,0
1.17,1.06,1.17,4.35,4.0,,15.0,7.5,1,1,12627.0,0.0304465,1,0.0139109,0.0845399,0.2272727,191300.0,1,38569.0,2,1,1,0,0
1.15,0.95,0.95,4.5,2.0,2.0,16.0,8.0,0,1,12799.0,0.0375348,1,0.0102124,0.0598162,0.1416858,282800.0,2,60657.0,2,1,1,0,0
1.27,1.17,1.1,5.0,4.0,4.0,16.5,20.0,0,1,12799.0,0.0375348,1,0.0102124,0.0598162,0.1416858,282800.0,2,60657.0,2,1,1,0,0
1.06,0.91,0.98,5.56,4.0,5.0,16.0,37.5,0,1,6039.0,0.031701,1,0.0060904,0.0386507,0.0757396,167700.0,2,47891.0,28,1,1,0,0
1.06,0.98,1.06,4.62,3.0,2.0,12.5,16.5,0,4,11187.0,0.0508752,1,0.0035406,0.1118771,0.2258587,138000.0,1,36705.0,12,1,0,0,0
1.06,0.91,0.98,4.25,5.0,4.0,16.0,24.0,0,1,3750.0,0.0607903,1,0.0104519,0.0608489,0.1745955,166500.0,1,43022.0,12,1,1,0,0
1.2,1.02,1.02,5.5,3.0,5.0,13.5,19.0,0,3,1901.0,0.034011,1,0.0073866,0.0135908,0.0190736,245400.0,3,79025.0,10,1,0,0,1
0.95,0.95,1.06,4.5,3.0,4.0,13.5,23.0,0,1,1901.0,0.034011,1,0.0073866,0.0135908,0.0190736,245400.0,3,79025.0,10,1,1,0,0
1.11,0.95,1.01,4.25,4.0,2.0,16.0,17.5,0,1,5413.0,0.0518659,1,0.120063,0.0322987,0.0735369,198800.0,1,65296.0,10,1,1,0,0
1.02,1.02,0.95,,3.0,3.0,16.0,,0,1,6085.0,0.0554746,1,0.4336102,0.0765275,0.150848,245900.0,1,56893.0,10,1,1,0,0
1.06,0.98,1.06,5.0,3.0,,14.0,17.0,0,4,8966.0,0.0527327,1,0.022127,0.0927505,0.2365868,173500.0,3,40719.0,12,1,0,0,0
1.27,1.01,1.06,4.25,4.0,3.0,17.0,21.0,0,1,8966.0,0.0527327,1,0.022127,0.0927505,0.2365868,173500.0,3,40719.0,12,1,1,0,0
1.17,0.95,0.85,4.75,6.0,2.0,16.0,16.0,0,4,13602.0,0.1087385,1,0.6963651,0.1611239,0.2604226,119300.0,1,33306.0,10,1,0,0,0
1.18,1.02,1.06,5.1,3.0,6.0,17.0,32.5,1,3,3232.0,0.0463903,1,0.0557306,0.0403421,0.0751378,201600.0,2,59266.0,10,1,0,0,1
1.06,0.95,0.95,4.75,3.0,3.0,16.0,21.0,0,1,3232.0,0.0463903,1,0.0557306,0.0403421,0.0751378,201600.0,2,59266.0,10,1,1,0,0
1.17,0.95,1.02,5.12,4.0,3.0,15.0,42.5,0,1,1995.0,0.0288791,1,0.0323523,0.026696,0.0639248,218600.0,3,57424.0,21,1,1,0,0
1.06,0.89,1.06,5.0,3.0,2.0,12.5,25.0,0,4,1995.0,0.0288791,1,0.0323523,0.026696,0.0639248,218600.0,3,57424.0,21,1,0,0,0
1.12,1.02,1.06,5.0,4.0,7.0,17.0,20.5,1,3,1995.0,0.0288791,1,0.0323523,0.026696,0.0639248,218600.0,3,57424.0,21,1,0,0,1
1.1,0.97,1.17,4.25,,4.0,18.0,29.0,1,1,18138.0,0.0672456,1,0.2046583,0.1691744,0.304244,163000.0,2,30877.0,24,1,1,0,0
1.1,1.02,1.06,5.25,3.0,6.0,17.0,30.0,1,3,822.0,0.0205128,1,0.0050961,0.0085349,0.0102362,292400.0,1,82797.0,21,1,0,0,1
1.06,1.01,2.56,4.5,2.0,3.0,11.0,3.5,0,2,7761.0,0.0759336,1,0.3598951,0.0931701,0.1330847,175600.0,5,47738.0,28,1,0,1,0
1.06,1.17,2.56,4.5,1.0,3.0,10.0,7.0,0,2,6970.0,0.0730606,1,0.3598951,0.0931701,0.1330847,175600.0,5,47738.0,26,1,0,1,0
1.12,1.02,1.06,4.95,3.0,5.0,11.5,12.5,1,3,6970.0,0.0730606,1,0.3598951,0.0931701,0.1330847,175600.0,5,47738.0,26,1,0,0,1
0.96,0.95,2.13,4.5,4.0,2.0,11.5,28.25,0,4,7761.0,0.0759336,1,0.636803,0.0816689,0.1053588,142300.0,1,48209.0,28,1,0,0,0
1.12,1.0,1.02,4.35,3.0,5.0,17.0,27.5,1,3,3229.0,0.0203021,1,0.0048807,0.0182062,0.0475192,196500.0,3,53961.0,28,1,0,0,1
1.06,0.95,1.01,5.3,4.0,3.0,16.0,13.0,1,1,3229.0,0.0203021,1,0.0048807,0.0182062,0.0475192,196500.0,3,53961.0,28,1,1,0,0
1.1,0.96,1.1,5.0,4.0,6.0,18.5,14.0,1,1,6842.0,0.0252389,1,0.0319843,0.0367507,0.0947038,209100.0,2,55878.0,2,1,1,0,0
1.18,1.07,1.17,5.0,4.0,6.0,19.0,31.0,0,3,6842.0,0.0252389,1,0.0319843,0.0367507,0.0947038,209100.0,2,55878.0,2,1,0,0,1
1.09,1.12,1.06,5.05,,4.0,18.0,28.5,1,3,3885.0,0.0450115,1,0.0046135,0.038405,0.1214642,174600.0,1,47113.0,2,1,0,0,1
1.01,0.95,1.03,5.0,4.0,6.0,15.5,20.0,1,1,1687.0,0.0507632,1,0.0032339,0.023415,0.0392157,186800.0,1,41196.0,2,1,1,0,0
1.12,1.02,1.06,4.5,3.0,4.0,11.5,20.25,0,3,2300.0,0.0231569,1,0.131472,0.0182582,0.0390742,205000.0,2,62927.0,28,1,0,0,1
1.07,1.02,0.74,4.5,3.0,6.0,16.5,19.5,1,3,1863.0,0.0380032,1,0.0131481,0.0155316,0.0197224,473400.0,1,136529.0,10,1,0,0,1
1.06,0.95,0.95,4.5,3.0,3.0,16.0,12.5,0,1,2499.0,0.0536385,1,0.0668875,0.0278037,0.0266369,161300.0,3,54216.0,18,1,1,0,0
1.02,1.07,0.95,5.0,4.0,4.0,17.0,22.0,0,3,2499.0,0.0536385,1,0.0668875,0.0278037,0.0266369,161300.0,3,54216.0,18,1,0,0,1
1.02,0.95,1.04,4.25,1.0,4.0,16.0,13.5,0,1,2581.0,0.0302534,1,0.0318239,0.0257156,0.0709232,216500.0,1,58339.0,5,1,1,0,0
1.06,0.85,2.34,5.0,5.0,3.0,10.5,14.0,1,2,5558.0,0.0644691,1,0.0362969,0.0334931,0.1021236,176800.0,4,50968.0,12,1,0,1,0
1.02,,1.06,,3.0,,17.0,22.5,1,3,5558.0,0.0644691,1,0.0362969,0.0334931,0.1021236,176800.0,4,50968.0,12,1,0,0,1
1.06,0.95,0.95,4.75,3.0,3.0,16.5,12.5,0,1,5558.0,0.0644691,1,0.0362969,0.0334931,0.1021236,176800.0,4,50968.0,12,1,1,0,0
1.06,0.95,0.95,4.25,3.0,2.0,16.0,17.5,0,1,41437.0,0.060522,1,0.0485866,0.1676967,0.3827989,165400.0,3,29319.0,12,1,1,0,0
1.17,1.06,1.01,4.25,3.0,5.0,16.0,24.0,0,3,41437.0,0.060522,1,0.0485866,0.1676967,0.3827989,165400.0,3,29319.0,12,1,0,0,1
1.06,1.06,2.53,5.0,2.0,2.0,10.0,8.0,0,2,4441.0,0.0250779,1,0.0424391,0.0165798,0.0401912,248500.0,1,76689.0,28,1,0,1,0
0.96,1.0,1.03,4.25,4.0,4.0,16.5,20.0,0,1,41437.0,0.060522,1,0.0392887,0.1583852,0.39587,160300.0,3,30587.0,2,1,1,0,0
1.17,0.95,0.95,4.25,3.0,4.0,14.5,11.5,1,1,2424.0,0.0879738,1,0.0235403,0.0518435,0.1062685,210800.0,2,59397.0,12,1,1,0,0
1.12,1.07,1.06,,2.0,6.0,11.5,17.25,1,3,4030.0,0.0528866,1,0.0422394,0.0474361,0.0859714,155300.0,4,48350.0,18,1,0,0,1
,1.12,1.12,4.25,5.0,6.0,12.5,20.0,0,1,4030.0,0.0528866,1,0.0422394,0.0474361,0.0859714,155300.0,4,48350.0,18,1,1,0,0
1.06,0.95,1.06,4.25,4.0,2.0,11.5,32.5,0,4,4030.0,0.0528866,1,0.0422394,0.0474361,0.0859714,155300.0,4,48350.0,18,1,0,0,0
1.02,1.01,0.52,4.25,4.0,3.0,15.0,37.5,0,1,11401.0,0.14823,1,0.6599238,0.3292359,0.6272376,132300.0,3,20323.0,10,1,1,0,0
1.06,0.85,2.34,4.75,3.0,5.0,11.0,6.75,1,2,11401.0,0.14823,1,0.8991615,0.4184797,0.6166425,71100.0,1,15919.0,10,1,0,1,0
1.06,0.85,2.34,4.25,4.0,4.0,11.0,8.0,1,2,11401.0,0.14823,1,0.214263,0.2703646,0.4311189,146800.0,3,24773.0,10,1,0,1,0
1.12,1.02,1.06,4.25,5.0,4.0,17.0,18.0,0,1,11401.0,0.14823,1,0.214263,0.2703646,0.4311189,146800.0,3,24773.0,10,1,1,0,0
1.05,0.94,1.07,4.25,3.0,3.0,16.0,18.0,1,1,11401.0,0.14823,1,0.0627508,0.1446121,0.3051076,117600.0,2,32241.0,10,1,1,0,0
1.06,0.85,2.34,4.75,3.0,4.0,11.0,3.5,0,2,11401.0,0.14823,1,0.0627508,0.1446121,0.3051076,117600.0,2,32241.0,10,1,0,1,0
1.06,0.95,1.11,4.25,5.0,4.0,16.0,18.0,0,1,11401.0,0.14823,1,0.4554334,0.2722042,0.4581265,95400.0,3,24189.0,10,1,1,0,0
1.06,0.85,2.34,4.95,2.0,3.0,12.0,7.0,1,2,11401.0,0.14823,1,0.4554334,0.2722042,0.4581265,95400.0,3,24189.0,10,1,0,1,0
1.18,1.02,1.06,4.25,5.0,6.0,19.0,19.5,1,3,11401.0,0.14823,1,0.9624618,0.3279841,0.5172657,81300.0,1,21790.0,10,1,0,0,1
1.12,1.02,1.02,4.25,4.0,6.0,17.0,24.0,1,3,6405.0,0.0419001,1,0.035449,0.0516433,0.1320658,161800.0,3,44883.0,24,1,0,0,1
1.06,0.98,2.03,4.75,3.0,2.0,12.5,11.0,0,4,10368.0,0.0507702,1,0.035449,0.0516433,0.1320658,161800.0,3,44883.0,10,1,0,0,0
1.02,0.95,0.95,4.25,3.0,3.0,17.0,12.5,0,1,7970.0,0.0252408,1,0.0144769,0.049851,0.0874396,185300.0,1,51451.0,10,1,1,0,0
1.06,0.85,2.34,4.62,8.0,4.0,13.0,25.0,1,2,21792.0,0.1247829,1,0.6982505,0.1237119,0.2928742,116600.0,2,35832.0,10,1,0,1,0
1.06,0.85,2.34,5.0,2.0,3.0,11.5,7.0,1,2,9410.0,0.0881439,1,0.3724901,0.1934995,0.2507019,117300.0,3,28417.0,28,1,0,1,0
1.19,1.19,1.06,4.25,4.0,5.0,18.0,26.25,1,3,9410.0,0.0881439,1,0.3724901,0.1934995,0.2507019,117300.0,3,28417.0,28,1,0,0,1
0.91,0.91,1.94,4.25,4.0,2.0,11.5,14.0,0,4,9410.0,0.0881439,1,0.0881337,0.1346107,0.2439099,133700.0,2,31887.0,28,1,0,0,0
1.27,1.27,2.24,4.5,3.0,5.0,17.0,20.0,0,3,7524.0,0.0487349,1,0.3865509,0.0504637,0.1348285,139500.0,1,46803.0,28,1,0,0,1
1.06,0.91,0.98,4.25,3.0,3.0,16.0,16.5,1,1,9850.0,0.0254588,1,0.0067308,0.0334977,0.0735323,159800.0,2,50665.0,28,1,1,0,0
1.06,0.95,0.95,,3.0,3.0,16.0,17.5,0,1,7794.0,0.0788823,1,0.4058144,0.0600893,0.0990379,138500.0,2,46966.0,28,1,1,0,0
1.27,1.27,1.06,4.39,3.0,5.0,17.0,10.0,1,3,9410.0,0.0881439,1,0.1115545,0.1091816,0.2028275,167200.0,2,37367.0,28,1,0,0,1
0.91,0.91,1.06,,4.0,2.0,11.5,15.0,0,4,9410.0,0.0881439,1,0.1115545,0.1091816,0.2028275,167200.0,2,37367.0,28,1,0,0,0
1.17,0.95,0.63,4.25,4.0,3.0,19.0,37.0,0,1,15600.0,0.0897754,1,0.4766138,0.2363158,0.4307489,123400.0,3,29740.0,12,1,1,0,0
1.06,0.85,2.34,4.75,4.0,5.0,12.0,13.0,1,2,15600.0,0.0897754,1,0.4766138,0.2363158,0.4307489,123400.0,3,29740.0,12,1,0,1,0
1.19,0.94,0.85,4.62,4.0,5.0,17.0,28.0,1,3,15600.0,0.0897754,1,0.5331899,0.1597511,0.3240626,124600.0,2,35731.0,12,1,0,0,1
1.17,0.95,0.95,4.25,4.0,5.0,18.0,22.0,1,3,15600.0,0.0897754,1,0.5331899,0.1597511,0.3240626,124600.0,2,35731.0,12,1,0,0,1
1.06,0.95,0.95,4.5,2.0,4.0,11.5,9.5,1,4,15600.0,0.0897754,1,0.1520273,0.2041798,0.4508839,116000.0,3,30577.0,12,1,0,0,0
1.06,0.95,0.95,4.25,2.0,3.0,17.0,15.0,0,1,15600.0,0.0897754,1,0.1520273,0.2041798,0.4508839,116000.0,3,30577.0,12,1,1,0,0
1.06,1.0,1.06,4.25,4.0,3.0,17.5,14.25,0,1,15600.0,0.0897754,1,0.0462981,0.15092,0.371198,131800.0,2,34443.0,12,1,1,0,0
1.06,1.02,0.95,4.5,3.0,3.0,17.0,16.5,0,1,15600.0,0.0897754,1,0.0462981,0.15092,0.371198,131800.0,2,34443.0,12,1,1,0,0
1.06,0.95,1.02,4.5,5.0,3.0,16.0,45.0,0,1,3752.0,0.0273268,1,0.0039605,0.0262524,0.0316048,222500.0,1,64818.0,21,1,1,0,0
1.04,1.12,1.02,4.25,3.0,4.0,16.0,17.5,0,1,1131.0,0.0377738,1,0.000751,0.0639788,0.0733945,128200.0,2,42755.0,27,1,1,0,0
1.12,1.02,1.02,5.0,3.0,5.0,17.0,18.0,1,3,4034.0,0.0726935,1,0.0166947,0.0344314,0.0673256,190900.0,4,51848.0,24,1,0,0,1
1.06,1.03,1.06,5.0,3.0,2.0,13.5,15.25,0,4,4034.0,0.0726935,1,0.0166947,0.0344314,0.0673256,190900.0,4,51848.0,24,1,0,0,0
,,,4.25,3.0,3.0,17.0,23.0,0,1,697.0,0.0236247,1,0.031873,0.035029,0.025974,275900.0,3,64367.0,2,1,1,0,0
1.27,1.04,1.12,4.87,3.0,7.0,17.0,17.0,1,3,697.0,0.0236247,1,0.031873,0.035029,0.025974,275900.0,3,64367.0,2,1,0,0,1
1.27,1.07,2.13,4.87,4.0,5.0,17.0,32.0,1,3,4170.0,0.0191571,1,0.0,0.0361626,0.0375313,217400.0,2,56380.0,2,1,0,0,1
1.06,1.02,0.95,5.0,4.0,4.0,16.0,23.5,0,1,4170.0,0.0191571,1,0.0,0.0361626,0.0375313,217400.0,2,56380.0,2,1,1,0,0
1.02,0.8,,5.25,4.0,3.0,15.0,30.0,0,1,1318.0,0.0130866,1,0.0115862,0.0152639,0.015613,215100.0,1,66569.0,2,1,1,0,0
1.06,0.95,0.95,4.85,3.3,3.0,16.0,25.75,0,1,4759.0,0.016501,1,0.0047325,0.0277091,0.0333031,203100.0,1,61487.0,2,1,1,0,0
1.06,0.95,0.95,4.5,3.0,3.0,16.0,27.5,0,1,1889.0,0.0567358,1,0.0099893,0.0229062,0.0320464,241800.0,7,65000.0,24,1,1,0,0
1.06,0.98,1.06,4.25,,2.0,11.5,14.5,0,4,1889.0,0.0567358,1,0.0099893,0.0229062,0.0320464,241800.0,7,65000.0,24,1,0,0,0
1.06,0.98,1.06,5.0,3.0,2.0,12.0,31.5,0,4,1889.0,0.0567358,1,0.0099893,0.0229062,0.0320464,241800.0,7,65000.0,24,1,0,0,0
1.17,1.06,1.17,4.5,6.0,3.0,13.5,12.5,0,1,1889.0,0.0567358,1,0.0099893,0.0229062,0.0320464,241800.0,7,65000.0,24,1,1,0,0
1.06,0.95,0.95,4.25,3.0,3.0,17.0,24.0,0,1,1889.0,0.0567358,1,0.0099893,0.0229062,0.0320464,241800.0,7,65000.0,24,1,1,0,0
1.06,0.98,2.13,5.0,2.0,2.0,13.5,22.5,0,4,1889.0,0.0567358,1,0.0099893,0.0229062,0.0320464,241800.0,7,65000.0,24,1,0,0,0
1.06,0.85,1.11,4.8,4.0,,15.5,10.0,0,1,16693.0,0.0746676,1,0.3694827,0.2851345,0.43034,107000.0,1,21978.0,24,1,1,0,0
1.17,0.95,0.95,4.25,3.0,4.0,18.0,13.5,0,1,16693.0,0.0746676,1,0.5422576,0.1285608,0.2276589,142200.0,2,31639.0,24,1,1,0,0
1.06,1.06,2.45,4.25,3.0,3.0,12.0,3.5,0,2,16693.0,0.0746676,1,0.4859012,0.2214113,0.3024055,111100.0,1,26039.0,24,1,0,1,0
1.12,1.02,1.06,4.75,3.0,4.0,16.0,16.0,1,3,9262.0,0.0609463,1,0.2498173,0.0698492,0.1487301,186900.0,6,46255.0,2,1,0,0,1
1.17,1.17,1.38,5.75,2.0,1.0,10.5,10.0,1,4,9262.0,0.0609463,1,0.2498173,0.0698492,0.1487301,186900.0,6,46255.0,2,1,0,0,0
1.12,1.02,1.02,4.25,4.0,6.0,16.0,11.0,0,3,9262.0,0.0609463,1,0.2498173,0.0698492,0.1487301,186900.0,6,46255.0,2,1,0,0,1
1.1,0.95,1.1,,5.0,4.0,19.0,22.5,1,1,9262.0,0.0609463,1,0.2498173,0.0698492,0.1487301,186900.0,6,46255.0,2,1,1,0,0
1.17,1.27,2.77,4.62,3.0,3.0,11.0,9.0,1,2,7364.0,0.0384749,1,0.0066904,0.0250457,0.0754631,204700.0,3,52919.0,2,1,0,1,0
1.12,1.02,1.06,4.25,3.0,4.0,17.0,18.0,1,3,9262.0,0.0609463,1,0.0066904,0.0250457,0.0754631,204700.0,3,52919.0,2,1,0,0,1
1.06,0.95,0.95,4.25,3.0,4.0,17.0,9.5,0,1,3900.0,0.0546059,1,0.0196445,0.0604782,0.1005291,195200.0,2,44018.0,2,1,1,0,0
1.02,,2.14,5.0,4.0,2.0,11.5,29.5,1,4,3900.0,0.0546059,1,0.0196445,0.0604782,0.1005291,195200.0,2,44018.0,2,1,0,0,0
1.2,1.06,1.06,4.5,3.0,5.0,17.0,23.5,1,3,8153.0,0.0246954,1,0.0394043,0.0331476,0.0967378,183500.0,1,51288.0,2,1,0,0,1
1.06,1.06,0.95,4.62,4.0,3.0,16.0,26.0,0,1,2553.0,0.0279219,1,0.0124784,0.0180528,0.0187336,270800.0,1,67716.0,2,1,1,0,0
1.12,1.02,1.06,4.32,3.0,6.0,17.0,14.5,1,3,6659.0,0.032736,1,0.0308927,0.0439196,0.0670911,185100.0,3,51561.0,2,1,0,0,1
1.06,0.95,0.95,4.75,3.0,3.0,17.0,17.5,0,1,9762.0,0.0315813,1,0.0282081,0.0612684,0.1099576,176500.0,1,40760.0,2,1,1,0,0
1.06,0.95,0.95,4.65,3.0,3.0,16.0,,0,1,7268.0,0.0252033,1,0.0125818,0.022337,0.0738916,207300.0,1,53168.0,2,1,1,0,0
1.06,1.06,2.66,4.25,2.0,4.0,10.0,17.5,0,2,1675.0,0.0209963,1,0.0024702,0.0217573,0.0247074,276300.0,1,66939.0,2,1,0,1,0
0.95,0.95,0.96,4.5,4.0,3.0,14.0,9.0,0,1,2371.0,0.1460885,1,0.0044543,0.0303532,0.0308618,245400.0,5,62509.0,2,1,1,0,0
1.12,1.06,1.06,4.75,4.0,5.0,17.0,20.5,1,3,2371.0,0.1460885,1,0.0044543,0.0303532,0.0308618,245400.0,5,62509.0,2,1,0,0,1
1.06,0.95,0.95,4.25,3.0,3.0,14.0,15.0,0,1,2371.0,0.1460885,1,0.0044543,0.0303532,0.0308618,245400.0,5,62509.0,2,1,1,0,0
1.06,0.95,0.95,4.5,3.0,3.0,16.0,17.5,0,1,3140.0,0.0103678,1,0.0105846,0.0253538,0.0431093,253200.0,1,68286.0,2,1,1,0,0
1.17,1.27,2.77,4.25,3.0,3.0,11.0,10.5,0,2,4943.0,0.0387335,1,0.0083144,0.0364397,0.0568231,190800.0,2,51257.0,2,1,0,1,0
1.07,1.02,1.02,4.25,3.0,3.0,17.0,35.0,0,1,4943.0,0.0387335,1,0.0083144,0.0364397,0.0568231,190800.0,2,51257.0,2,1,1,0,0
0.95,0.85,0.99,4.5,3.0,2.0,11.0,7.5,0,4,2237.0,0.0439381,1,0.3173136,0.1301452,0.1985242,179600.0,4,40656.0,7,1,0,0,0
1.18,0.88,0.98,4.75,4.0,3.0,16.0,21.0,0,1,11199.0,0.0872076,1,0.3173136,0.1301452,0.1985242,179600.0,4,40656.0,19,1,1,0,0
1.1,1.02,1.08,5.0,3.0,4.0,16.0,20.0,1,1,653.0,0.0239083,1,0.0331428,0.0397589,0.0754146,170000.0,2,47994.0,19,1,1,0,0
1.06,0.95,0.95,4.25,4.0,3.0,15.0,15.0,0,1,2379.0,0.0628261,1,0.1591312,0.0376937,0.0432113,165500.0,6,45771.0,19,1,1,0,0
1.12,1.02,1.06,4.75,5.0,6.0,12.5,12.0,0,1,2379.0,0.0628261,1,0.1591312,0.0376937,0.0432113,165500.0,6,45771.0,19,1,1,0,0
0.91,0.85,1.06,4.87,4.0,2.0,12.0,25.0,0,4,816.0,0.0348677,1,0.1591312,0.0376937,0.0432113,165500.0,6,45771.0,19,1,0,0,0
1.06,0.95,1.06,,4.0,2.0,12.0,40.0,0,4,2379.0,0.0628261,1,0.1591312,0.0376937,0.0432113,165500.0,6,45771.0,19,1,0,0,0
1.06,1.01,2.66,4.62,4.0,4.0,11.0,14.0,0,2,2379.0,0.0628261,1,0.1591312,0.0376937,0.0432113,165500.0,6,45771.0,19,1,0,1,0
1.02,1.07,1.06,5.0,4.0,5.0,16.0,26.0,1,3,886.0,0.0198009,1,0.0317188,0.0254828,0.0553923,217800.0,1,62194.0,19,1,0,0,1
1.06,,1.05,4.62,4.0,,16.0,25.5,0,1,668.0,0.0338325,1,0.0801578,0.0355372,0.0728962,176500.0,3,57697.0,19,1,1,0,0
0.95,0.85,1.06,5.0,4.0,2.0,11.5,17.5,1,4,668.0,0.0338325,1,0.0801578,0.0355372,0.0728962,176500.0,3,57697.0,19,1,0,0,0
1.12,1.02,0.95,4.75,4.0,5.0,16.0,20.0,0,3,3924.0,0.0195668,1,0.009186,0.0249824,0.0798983,168300.0,3,58039.0,19,1,0,0,1
1.06,0.95,0.98,4.85,10.0,4.0,17.5,26.0,0,1,3924.0,0.0195668,1,0.009186,0.0249824,0.0798983,168300.0,3,58039.0,19,1,1,0,0
0.91,0.79,2.34,,3.0,3.0,11.0,6.5,0,2,3924.0,0.0195668,1,0.009186,0.0249824,0.0798983,168300.0,3,58039.0,19,1,0,1,0
1.06,1.01,2.66,4.25,2.0,4.0,10.0,7.5,0,2,628.0,0.0253674,1,0.026525,0.0342552,0.0402885,163600.0,4,53795.0,19,1,0,1,0
0.91,0.85,0.95,5.0,3.0,2.0,11.5,17.5,0,4,628.0,0.0253674,1,0.026525,0.0342552,0.0402885,163600.0,4,53795.0,19,1,0,0,0
,,0.96,4.25,3.0,4.0,16.0,17.5,1,1,628.0,0.0253674,1,0.026525,0.0342552,0.0402885,163600.0,4,53795.0,19,1,1,0,0
1.06,0.85,1.06,4.25,3.0,2.0,11.5,15.0,0,4,5419.0,0.0440285,1,0.0497413,0.0502388,0.113924,128600.0,3,42361.0,19,1,0,0,0
0.91,0.85,2.34,4.25,3.0,3.0,10.0,19.0,1,2,3126.0,0.0353328,1,0.0497413,0.0502388,0.113924,128600.0,3,42361.0,19,1,0,1,0
1.06,1.01,2.66,4.5,3.0,4.0,11.0,10.5,0,2,792.0,0.0974464,1,0.1962366,0.1456063,0.1610329,147600.0,2,35277.0,23,1,0,1,0
0.91,0.91,2.34,4.25,3.0,3.0,10.5,8.0,0,2,3126.0,0.0353328,1,0.0428778,0.0292281,0.0579337,176400.0,3,60606.0,19,1,0,1,0
1.12,1.07,1.12,4.75,3.0,5.0,15.0,11.5,0,3,3126.0,0.0353328,1,0.0428778,0.0292281,0.0579337,176400.0,3,60606.0,19,1,0,0,1
1.1,0.94,1.04,5.0,4.0,3.0,16.0,28.5,1,1,1662.0,0.019477,1,0.0147634,0.0162512,0.0586081,226400.0,2,71621.0,19,1,1,0,0
1.06,1.01,2.66,4.5,4.0,4.0,11.0,9.5,0,2,5552.0,0.0774465,1,0.3015262,0.0642415,0.084454,136700.0,2,46272.0,19,1,0,1,0
1.09,0.95,1.04,4.25,3.0,3.0,16.0,18.0,1,1,2237.0,0.0439381,1,0.0048832,0.0148394,0.0435644,178400.0,3,55917.0,7,1,1,0,0
1.12,1.09,1.06,5.62,3.0,4.0,15.0,14.0,0,3,2237.0,0.0439381,1,0.0048832,0.0148394,0.0435644,178400.0,3,55917.0,7,1,0,0,1
1.06,0.95,0.95,4.5,4.0,2.0,16.0,10.0,0,1,462.0,0.0515021,1,0.0570457,0.0615117,0.0772214,161000.0,1,46700.0,21,1,1,0,0
1.06,0.95,0.95,5.25,4.0,3.0,17.0,19.5,0,1,1088.0,0.021141,1,0.001765,0.0200583,0.0435306,185500.0,1,63257.0,21,1,1,0,0
0.85,0.8,2.34,4.35,3.0,4.0,10.0,6.0,0,2,2256.0,0.0311576,1,0.0115167,0.033978,0.0566964,164400.0,3,50708.0,29,1,0,1,0
0.99,0.89,0.89,5.0,4.0,3.0,17.0,28.0,0,1,2256.0,0.0311576,1,0.0115167,0.033978,0.0566964,164400.0,3,50708.0,29,1,1,0,0
1.09,0.81,1.04,5.0,3.0,,15.0,7.0,0,1,432.0,0.0167742,1,0.0118611,0.03756,0.0219448,150900.0,2,50628.0,21,1,1,0,0
0.92,0.7,2.34,4.5,3.0,3.0,10.0,5.5,0,2,432.0,0.0167742,1,0.0118611,0.03756,0.0219448,150900.0,2,50628.0,21,1,0,1,0
0.98,0.85,2.34,4.5,2.0,4.0,10.5,12.0,0,2,952.0,0.023496,1,0.0111902,0.0440123,0.0376344,176600.0,3,46472.0,21,1,0,1,0
0.95,0.85,1.06,4.75,5.0,2.0,11.5,24.0,0,4,952.0,0.023496,1,0.0111902,0.0440123,0.0376344,176600.0,3,46472.0,21,1,0,0,0
1.16,1.02,1.09,4.5,3.0,5.0,16.0,18.0,0,1,2279.0,0.0303151,1,0.0069724,0.0417686,0.0791096,156400.0,3,51675.0,27,1,1,0,0
1.06,1.02,2.34,4.5,2.0,5.0,11.0,8.5,0,2,1082.0,0.0112211,1,0.0069724,0.0417686,0.0791096,156400.0,3,51675.0,27,1,0,1,0
1.2,1.07,1.06,5.0,3.0,,16.5,21.0,1,3,462.0,0.0515021,1,0.0118201,0.0234509,0.0327548,179900.0,3,60286.0,21,1,0,0,1
1.19,0.87,0.95,5.0,2.0,3.0,15.0,33.0,0,1,394.0,0.0161641,1,0.0002623,0.0139455,0.0281637,189300.0,1,68602.0,27,1,1,0,0
1.06,0.95,1.02,4.87,3.0,3.0,15.0,15.5,0,1,952.0,0.023496,1,0.0159579,0.0197356,0.0312887,211400.0,2,65305.0,21,1,1,0,0
1.12,1.02,1.06,4.75,3.0,6.0,16.5,20.0,1,3,952.0,0.023496,1,0.0159579,0.0197356,0.0312887,211400.0,2,65305.0,21,1,0,0,1
1.06,0.95,0.95,4.25,4.0,3.0,16.0,,0,1,346.0,0.0135326,1,0.0160904,0.0423467,0.0730816,146100.0,1,48925.0,29,1,1,0,0
1.12,0.89,0.95,5.12,3.0,2.0,14.0,11.75,0,1,513.0,0.0200091,1,0.0013975,0.0131476,0.0390428,314000.0,1,82084.0,26,1,1,0,0
1.12,1.02,1.06,5.0,4.0,5.0,19.0,19.0,1,3,759.0,0.0593081,1,0.009611,0.0180639,0.0180424,318100.0,2,80548.0,21,1,0,0,1
1.06,0.95,0.95,5.0,3.0,3.0,16.0,13.5,0,1,759.0,0.0593081,1,0.009611,0.0180639,0.0180424,318100.0,2,80548.0,21,1,1,0,0
0.91,0.85,2.34,5.0,3.0,2.0,12.0,12.5,0,2,1136.0,0.01643,1,0.0060498,0.0207022,0.0125,256600.0,2,72638.0,21,1,0,1,0
1.23,0.89,0.89,4.67,3.5,3.0,16.0,13.75,0,1,852.0,0.0864971,1,0.0061889,0.0224756,0.0204082,235000.0,1,71806.0,26,1,1,0,0
1.0,0.95,0.89,,9.0,3.0,17.0,12.5,0,1,3774.0,0.0159621,1,0.0430108,0.0379497,0.0528351,247900.0,1,65431.0,21,1,1,0,0
1.12,0.91,0.99,4.75,4.0,,11.5,9.5,1,3,5660.0,0.0754834,1,0.129479,0.0466379,0.0738214,283100.0,2,72920.0,21,1,0,0,1
1.06,1.0,1.06,4.8,5.0,4.0,16.0,18.0,0,1,5660.0,0.0754834,1,0.129479,0.0466379,0.0738214,283100.0,2,72920.0,21,1,1,0,0
1.02,0.85,0.85,5.0,4.0,4.0,15.0,19.0,1,1,2868.0,0.0507008,1,0.0414442,0.0360678,0.0987546,129900.0,6,51022.0,6,1,1,0,0
1.02,0.91,0.91,4.5,4.0,4.0,16.0,16.5,1,3,2868.0,0.0507008,1,0.0414442,0.0360678,0.0987546,129900.0,6,51022.0,6,1,0,0,1
1.12,,0.95,4.75,3.0,2.0,11.5,8.5,1,3,2868.0,0.0507008,1,0.0414442,0.0360678,0.0987546,129900.0,6,51022.0,6,1,0,0,1
1.06,0.93,0.88,4.25,4.0,3.0,16.0,20.0,1,1,1672.0,0.0671423,1,0.1058741,0.062553,0.0600714,114800.0,4,43470.0,6,1,1,0,0
0.95,0.79,2.34,4.25,4.0,4.0,11.0,6.0,1,2,1672.0,0.0671423,1,0.1058741,0.062553,0.0600714,114800.0,4,43470.0,6,1,0,1,0
1.02,0.95,0.95,4.25,2.0,6.0,16.0,8.0,1,3,1672.0,0.0671423,1,0.1058741,0.062553,0.0600714,114800.0,4,43470.0,6,1,0,0,1
0.95,0.86,0.95,5.0,3.0,2.0,11.5,14.5,0,4,7144.0,0.0159968,1,0.2013907,0.053199,0.0573632,109700.0,2,45443.0,2,1,0,0,0
,,,4.75,3.0,3.0,16.0,12.0,1,3,1938.0,0.0363918,1,0.0399834,0.0287831,0.0476508,110200.0,7,48574.0,6,1,0,0,1
1.06,0.95,2.77,4.25,2.0,4.0,10.0,10.5,0,2,1938.0,0.0363918,1,0.0399834,0.0287831,0.0476508,110200.0,7,48574.0,6,1,0,1,0
1.06,0.92,0.9,4.25,3.0,3.0,16.0,15.0,0,1,2325.0,0.0416008,1,0.0399834,0.0287831,0.0476508,110200.0,6,48574.0,6,1,1,0,0
1.02,0.89,0.91,4.62,3.0,3.0,16.0,17.0,0,1,1938.0,0.0363918,1,0.0399834,0.0287831,0.0476508,110200.0,7,48574.0,6,1,1,0,0
0.95,0.86,0.95,4.55,3.0,2.0,11.5,14.0,0,4,1938.0,0.0363918,1,0.0399834,0.0287831,0.0476508,110200.0,7,48574.0,6,1,0,0,0
0.95,0.74,2.34,4.75,2.0,4.0,10.5,13.0,1,2,877.0,0.0431187,1,0.201043,0.0684898,0.0946563,110900.0,3,41440.0,5,1,0,1,0
1.06,0.93,0.93,4.87,5.0,,17.0,19.75,1,1,877.0,0.0431187,1,0.201043,0.0684898,0.0946563,110900.0,3,41440.0,5,1,1,0,0
1.06,0.95,1.06,4.25,3.0,3.0,16.5,13.5,0,1,2932.0,0.0446349,1,0.1095007,0.0659936,0.0867926,88300.0,3,40050.0,6,1,1,0,0
0.95,0.69,1.5,4.45,3.0,4.0,10.0,7.0,1,2,2482.0,0.0357215,1,0.1095007,0.0659936,0.0867926,88300.0,3,40050.0,6,1,0,1,0
1.02,0.95,0.95,4.5,4.0,3.0,15.0,17.0,0,1,1103.0,0.0323122,1,0.0458751,0.0465341,0.0656895,98000.0,1,42176.0,11,1,1,0,0
1.06,0.89,0.91,4.5,3.0,3.0,16.0,15.0,0,1,1666.0,0.0621878,1,0.1953666,0.1388848,0.0985172,95700.0,4,39672.0,11,1,1,0,0
1.06,0.95,2.77,4.25,3.0,5.0,10.5,7.5,0,2,1666.0,0.0621878,1,0.1953666,0.1388848,0.0985172,95700.0,4,39672.0,11,1,0,1,0
0.95,0.71,0.95,4.25,2.0,2.0,11.5,11.0,0,4,1666.0,0.0621878,1,0.1953666,0.1388848,0.0985172,95700.0,4,39672.0,11,1,0,0,0
1.06,0.91,0.95,4.5,3.0,5.0,16.0,12.0,1,3,3684.0,0.065928,1,0.0026281,0.0849037,0.1666981,64700.0,1,35682.0,6,1,0,0,1
0.95,0.92,0.95,4.8,3.0,2.0,16.0,17.5,0,4,4215.0,0.0249147,1,0.0108808,0.0434402,0.098887,88800.0,2,39207.0,6,1,0,0,0
1.02,0.88,0.91,4.25,3.0,,16.0,25.0,0,1,4215.0,0.0249147,1,0.0108808,0.0434402,0.098887,88800.0,2,39207.0,6,1,1,0,0
1.06,0.91,0.79,4.25,3.0,,16.0,9.0,1,3,2868.0,0.0507008,1,0.0292064,0.0259011,0.0387564,138700.0,2,54981.0,6,1,0,0,1
1.02,0.85,0.85,5.0,4.0,3.0,14.5,19.0,0,1,2868.0,0.0507008,1,0.0292064,0.0259011,0.0387564,138700.0,2,54981.0,6,1,1,0,0
1.18,1.06,,5.25,5.0,5.0,24.0,43.0,0,3,292.0,0.0339122,1,0.0550422,0.0735619,0.0681422,96300.0,2,39345.0,1,1,0,0,1
1.0,0.85,0.88,,2.0,3.0,16.0,14.5,0,1,292.0,0.0339122,1,0.0550422,0.0735619,0.0681422,96300.0,3,39345.0,1,1,1,0,0
0.9,0.8,0.8,4.25,3.0,3.0,16.0,16.5,0,1,2115.0,0.0527302,1,0.0644616,0.0365812,0.0591291,170700.0,3,61835.0,6,1,1,0,0
0.95,0.74,2.34,4.62,4.0,4.0,10.0,9.0,1,2,2115.0,0.0527302,1,0.0644616,0.0365812,0.0591291,170700.0,3,61835.0,6,1,0,1,0
0.91,0.74,2.34,5.5,2.0,,10.0,7.5,1,2,1987.0,0.0566702,1,0.9816579,0.09763,0.1395122,81500.0,1,41429.0,6,1,0,1,0
1.07,0.85,0.95,4.37,3.0,3.0,16.0,18.75,1,3,4775.0,0.0356287,1,0.5597082,0.0444408,0.0284454,95100.0,3,48741.0,5,1,0,0,1
1.06,0.85,0.95,4.25,2.0,3.0,16.0,21.0,1,1,4775.0,0.0356287,1,0.5597082,0.0444408,0.0284454,95100.0,3,48741.0,5,1,1,0,0
1.02,0.95,0.95,4.75,3.0,5.0,16.0,10.0,1,3,4960.0,0.0211891,1,0.1735384,0.0725547,0.0769231,87900.0,2,37575.0,6,1,0,0,1
1.06,0.87,0.91,4.25,3.0,5.0,15.0,20.5,0,1,283.0,0.0299437,1,0.0019082,0.067086,0.0589618,132200.0,3,34714.0,23,1,1,0,0
1.06,0.91,1.07,4.4,3.0,5.0,16.0,18.5,0,3,283.0,0.0299437,1,0.0019082,0.067086,0.0589618,132200.0,3,34714.0,23,1,0,0,1
1.06,0.91,1.12,4.75,4.0,5.0,16.0,12.5,1,3,5164.0,0.0384675,1,0.0575308,0.0282084,0.0610785,95000.0,1,39509.0,5,1,0,0,1
1.12,0.91,0.95,5.0,5.0,3.0,16.0,16.0,1,3,1191.0,0.0287745,1,0.0295152,0.0220388,0.0324093,145300.0,2,55878.0,5,1,0,0,1
0.95,0.8,1.06,5.05,4.0,2.0,11.5,16.5,0,4,1367.0,0.027519,1,0.0606916,0.0202933,0.0171282,148900.0,4,57055.0,5,1,0,0,0
1.06,0.92,0.92,,3.0,5.0,17.0,14.0,1,1,3656.0,0.0782968,1,0.0606916,0.0202933,0.0171282,148900.0,3,57055.0,5,1,1,0,0
0.95,,,4.25,2.0,,10.0,7.25,1,2,509.0,0.0226055,1,0.0047142,0.0234694,0.0305526,188900.0,3,63989.0,5,1,0,1,0
0.96,0.95,0.85,4.25,3.0,5.0,14.5,21.0,0,1,509.0,0.0226055,1,0.0047142,0.0234694,0.0305526,188900.0,3,63989.0,5,1,1,0,0
0.91,0.91,0.91,5.0,3.0,3.0,12.5,15.0,0,1,1062.0,0.0325763,1,0.0532435,0.0289966,0.0498539,190400.0,3,64903.0,5,1,1,0,0
0.95,0.86,0.95,5.06,3.0,2.0,10.5,17.5,0,4,3656.0,0.0798947,1,0.123247,0.0632239,0.067521,113200.0,4,47996.0,5,1,0,0,0
0.95,0.74,2.34,4.62,2.0,4.0,9.5,5.5,1,2,3656.0,0.0798947,1,0.123247,0.0632239,0.067521,113200.0,4,47996.0,5,1,0,1,0
0.91,0.74,2.34,4.25,3.0,,10.0,7.5,1,2,3147.0,0.0624905,1,0.2120887,0.147196,0.1424783,69000.0,2,31348.0,11,1,0,1,0
1.05,0.91,0.93,4.25,4.0,2.0,16.0,19.5,0,1,565.0,0.0263158,1,0.0078827,0.055336,0.0634374,87900.0,3,43628.0,25,1,1,0,0
1.06,0.84,0.95,4.35,4.0,4.0,16.0,10.5,0,3,565.0,0.0263158,1,0.0078827,0.055336,0.0634374,87900.0,3,43628.0,25,1,0,0,1
1.02,0.91,0.93,4.5,4.0,3.0,15.0,34.0,0,1,1907.0,0.0310366,1,0.0467958,0.0336062,0.0635771,115700.0,2,44778.0,5,1,1,0,0
1.02,0.9,0.95,4.25,3.0,4.0,16.0,15.75,1,3,3964.0,0.0234234,1,0.047774,0.0248612,0.035246,144800.0,1,53455.0,5,1,0,0,1
1.06,0.8,2.13,4.45,3.0,3.0,10.5,11.0,0,2,2549.0,0.1070754,1,0.2784675,0.187528,0.1696958,69800.0,2,32360.0,25,1,0,1,0
0.96,0.93,0.93,4.55,4.0,4.0,17.5,14.5,1,1,5119.0,0.062179,1,0.0468705,0.0613623,0.0961228,87800.0,1,42893.0,11,1,1,0,0
0.95,0.85,2.34,4.25,3.0,3.0,10.0,9.5,1,2,1672.0,0.0671423,1,0.0560676,0.0456208,0.0679495,130300.0,1,57178.0,6,1,0,1,0
1.02,0.95,2.56,4.6,3.0,4.0,11.0,15.0,0,2,569.0,0.0466599,1,0.114207,0.0698809,0.0698635,95600.0,3,39756.0,11,1,0,1,0
1.06,0.88,0.84,4.5,3.0,2.0,16.0,19.75,0,1,569.0,0.0466599,1,0.114207,0.0698809,0.0698635,95600.0,3,39756.0,11,1,1,0,0
1.12,0.85,1.06,4.25,3.0,3.0,12.5,14.0,1,3,1373.0,0.07358,1,0.0911294,0.0762732,0.0986077,95800.0,4,42022.0,11,1,0,0,1
0.85,0.74,2.34,4.35,2.0,3.0,10.0,9.0,1,2,1373.0,0.07358,1,0.0911294,0.0762732,0.0986077,95800.0,4,42022.0,11,1,0,1,0
1.06,0.91,0.91,4.75,3.0,5.0,17.0,16.5,1,3,1373.0,0.07358,1,0.0911294,0.0762732,0.0986077,95800.0,4,42022.0,11,1,0,0,1
0.95,0.86,0.95,4.5,3.0,2.0,12.5,17.25,0,4,2758.0,0.037441,1,0.0703755,0.0523969,0.0468085,109700.0,3,49700.0,11,1,0,0,0
0.95,0.74,2.19,4.25,2.0,4.0,10.0,8.5,1,2,5119.0,0.062179,1,0.0703755,0.0523969,0.0468085,109700.0,3,49700.0,11,1,0,1,0
0.95,0.74,2.34,5.05,3.0,4.0,11.0,9.5,1,2,10080.0,0.1491565,1,0.6156687,0.3244063,0.400883,33900.0,2,20216.0,6,1,0,1,0
1.02,0.79,2.34,5.0,2.0,4.0,11.0,6.5,1,2,10080.0,0.1491565,1,0.4716138,0.3382175,0.3980173,35500.0,2,19931.0,6,1,0,1,0
0.95,0.89,0.95,4.75,3.0,2.0,12.5,14.0,0,4,4975.0,0.021374,1,0.0075611,0.0324015,0.1034096,100300.0,2,45405.0,6,1,0,0,0
1.02,0.88,0.91,4.25,2.0,3.0,15.0,5.0,0,1,3290.0,0.0546088,1,0.208941,0.0766652,0.1043003,80100.0,6,36921.0,6,1,1,0,0
0.95,0.74,2.19,5.0,3.0,5.0,10.5,10.0,1,2,3290.0,0.0546088,1,0.208941,0.0766652,0.1043003,80100.0,6,36921.0,6,1,0,1,0
1.02,0.91,0.8,4.75,3.0,4.0,16.0,15.5,1,3,3290.0,0.0546088,1,0.208941,0.0766652,0.1043003,80100.0,6,36921.0,6,1,0,0,1
1.02,0.88,0.94,4.25,1.0,,16.0,10.0,0,1,3290.0,0.0546088,1,0.208941,0.0766652,0.1043003,80100.0,6,36921.0,6,1,1,0,0
0.95,0.74,2.19,4.25,3.0,5.0,10.0,5.0,1,2,3290.0,0.0546088,1,0.208941,0.0766652,0.1043003,80100.0,6,36921.0,6,1,0,1,0
1.01,0.86,0.95,5.42,3.0,2.0,15.5,12.0,0,4,1280.0,0.0482324,1,0.0702827,0.0343892,0.039478,114800.0,5,46469.0,1,1,0,0,0
1.26,0.99,,5.15,5.0,4.0,24.0,40.5,1,3,1280.0,0.0482324,1,0.0702827,0.0343892,0.039478,114800.0,5,46469.0,1,1,0,0,1
1.12,0.85,2.45,5.0,3.0,4.0,12.5,10.0,0,2,1280.0,0.0482324,1,0.0702827,0.0343892,0.039478,114800.0,5,46469.0,1,1,0,1,0
1.06,0.95,0.91,4.62,3.0,3.0,15.0,14.0,0,1,1280.0,0.0482324,1,0.0702827,0.0343892,0.039478,114800.0,5,46469.0,1,1,1,0,0
1.13,1.06,0.95,4.37,4.0,3.0,15.0,9.0,0,1,749.0,0.0371278,1,0.0374786,0.067419,0.0863459,101500.0,2,34158.0,7,1,1,0,0
1.01,0.79,0.85,,3.0,2.0,14.0,7.0,0,4,163.0,0.0249977,1,0.0058357,0.0395137,0.0441264,144000.0,1,49167.0,7,1,0,0,0
1.23,1.06,2.3,4.87,3.0,3.0,13.0,10.5,1,3,,,1,0.0,0.0173754,0.0058224,145300.0,1,53725.0,1,1,0,0,1
1.06,0.85,3.95,4.62,3.0,4.0,12.5,5.5,0,2,2763.0,0.0775566,1,0.3612089,0.0921622,0.1234823,83000.0,3,36701.0,1,1,0,1,0
1.06,0.92,0.87,4.62,3.0,,16.0,22.5,1,1,2763.0,0.0775566,1,0.3612089,0.0921622,0.1234823,83000.0,3,36701.0,1,1,1,0,0
1.06,0.86,1.06,,3.0,2.0,16.0,25.0,0,4,204.0,0.0559881,1,0.0645478,0.1094265,0.0934112,91800.0,1,33510.0,7,1,0,0,0
1.06,0.93,0.94,4.5,4.0,3.0,15.0,15.5,0,1,2749.0,0.0353067,1,0.0398538,0.0624887,0.1187804,110900.0,2,39203.0,1,1,1,0,0
1.12,0.8,2.45,5.0,2.0,4.0,12.0,9.5,0,2,2749.0,0.0353067,1,0.0398538,0.0624887,0.1187804,110900.0,2,39203.0,1,1,0,1,0
0.85,,,4.5,2.0,5.0,10.0,3.0,1,2,3449.0,0.3166815,1,0.0632467,0.1619619,0.217556,110200.0,4,28729.0,7,1,0,1,0
1.02,0.91,0.85,4.25,5.0,3.0,16.0,12.5,0,1,2914.0,0.0938127,1,0.252626,0.1596074,0.1174557,70500.0,3,32635.0,9,1,1,0,0
1.06,0.81,2.45,4.25,,5.0,12.5,12.5,0,2,2914.0,0.0938127,1,0.252626,0.1596074,0.1174557,70500.0,3,32635.0,9,1,0,1,0
0.89,0.86,0.95,4.25,3.0,2.0,12.5,10.0,0,4,604.0,0.0610572,1,0.1380891,0.111178,0.11448,67100.0,3,35998.0,9,1,0,0,0
0.95,0.85,2.45,4.25,3.0,5.0,12.0,13.5,0,2,604.0,0.0610572,1,0.1380891,0.111178,0.11448,67100.0,3,35998.0,9,1,0,1,0
1.06,0.84,0.89,4.25,2.0,3.0,15.0,15.5,0,1,788.0,0.0834429,1,0.1064563,0.1088802,0.1303901,84600.0,7,35488.0,9,1,1,0,0
1.02,0.85,0.82,4.25,4.0,3.0,15.0,11.0,1,1,788.0,0.0834429,1,0.1064563,0.1088802,0.1303901,84600.0,7,35488.0,9,1,1,0,0
1.02,0.91,0.63,4.5,3.0,4.0,11.5,10.5,0,3,788.0,0.0834429,1,0.1064563,0.1088802,0.1303901,84600.0,7,35488.0,9,1,0,0,1
1.06,0.8,2.45,4.25,3.0,4.0,12.5,12.5,0,2,788.0,0.0834429,1,0.1064563,0.1088802,0.1303901,84600.0,7,35488.0,9,1,0,1,0
1.09,1.06,0.79,4.5,4.0,6.0,15.0,11.5,1,3,3208.0,0.3597115,1,0.6073325,0.2838884,0.544033,66900.0,8,25671.0,1,1,0,0,1
1.06,1.06,1.02,4.75,4.0,6.0,16.0,14.5,1,3,3208.0,0.3597115,1,0.6073325,0.2838884,0.544033,66900.0,8,25671.0,1,1,0,0,1
1.22,0.93,0.96,4.25,2.0,2.0,12.0,4.0,0,1,3208.0,0.3597115,1,0.6073325,0.2838884,0.544033,66900.0,8,25671.0,1,1,1,0,0
1.22,1.06,0.93,4.25,3.0,3.0,11.0,7.0,0,1,3208.0,0.3597115,1,0.6073325,0.2838884,0.544033,66900.0,8,25671.0,1,1,1,0,0
1.23,0.98,2.61,4.75,3.0,3.0,12.0,8.5,0,2,3208.0,0.3597115,1,0.6073325,0.2838884,0.544033,66900.0,8,25671.0,1,1,0,1,0
1.05,0.79,0.91,4.37,3.0,3.0,16.0,18.25,0,1,1037.0,0.0339711,1,0.160128,0.0593957,0.0723028,126700.0,2,50279.0,5,1,1,0,0
0.95,,2.13,4.5,4.0,5.0,17.0,20.0,0,3,4167.0,0.0292626,1,0.0692627,0.0289506,0.0586896,146500.0,2,55949.0,17,1,0,0,1
1.2,1.17,2.35,5.0,2.0,4.0,7.0,3.0,1,3,1204.0,0.034968,1,0.111835,0.0160362,0.0129725,204000.0,1,57672.0,18,1,0,0,1
1.06,0.91,0.96,4.75,3.0,2.0,14.0,13.0,0,1,1155.0,0.020202,1,0.0146843,0.0205882,0.0177936,242900.0,1,69594.0,26,1,1,0,0
0.95,0.92,0.95,4.87,3.0,2.0,11.5,10.5,0,4,2329.0,0.0234192,1,0.0657143,0.0837864,0.0506108,168900.0,4,41157.0,5,1,0,0,0
1.02,1.06,0.95,4.25,3.0,,10.5,8.25,1,3,2329.0,0.0234192,1,0.0657143,0.0837864,0.0506108,168900.0,4,41157.0,5,1,0,0,1
1.02,0.88,0.82,4.25,4.0,3.0,15.0,10.25,0,1,2329.0,0.0234192,1,0.0657143,0.0837864,0.0506108,168900.0,5,41157.0,5,1,1,0,0
1.06,0.95,2.66,4.5,3.0,4.0,10.0,12.5,0,2,2329.0,0.0234192,1,0.0657143,0.0837864,0.0506108,168900.0,5,41157.0,5,1,0,1,0
1.06,1.0,2.02,4.37,4.0,6.0,17.0,10.0,0,3,11823.0,0.1001861,1,0.5695518,0.2096856,0.3521739,61900.0,1,27295.0,17,1,0,0,1
0.93,0.83,0.85,4.5,4.0,4.0,16.0,31.0,0,1,2198.0,0.0322808,1,0.0734964,0.0336309,0.096032,112100.0,4,44598.0,17,1,1,0,0
1.0,1.0,,4.5,4.0,5.0,17.0,17.0,0,3,11823.0,0.1001861,1,0.0734964,0.0336309,0.096032,112100.0,4,44598.0,17,1,0,0,1
1.06,0.95,3.09,4.25,3.0,5.0,10.0,12.5,0,2,11823.0,0.1001861,1,0.0734964,0.0336309,0.096032,112100.0,4,44598.0,17,1,0,1,0
1.09,0.89,0.91,4.25,4.0,3.0,16.0,25.0,0,1,2198.0,0.0322808,1,0.0190911,0.0384186,0.0678339,144700.0,5,51548.0,17,1,1,0,0
1.06,0.85,2.49,5.12,2.0,6.0,11.0,14.0,0,2,2198.0,0.0322808,1,0.0190911,0.0384186,0.0678339,144700.0,5,51548.0,17,1,0,1,0
,,,4.25,3.0,7.0,17.0,27.5,0,3,2198.0,0.0322808,1,0.0190911,0.0384186,0.0678339,144700.0,5,51548.0,17,1,0,0,1
1.04,0.85,0.85,4.25,4.0,3.0,16.0,25.0,0,1,11823.0,0.1001861,1,0.0190911,0.0384186,0.0678339,144700.0,5,51548.0,17,1,1,0,0
1.04,0.67,0.85,4.37,4.0,4.0,16.0,32.0,0,1,2259.0,0.0578616,1,0.3688891,0.1153317,0.1982085,102600.0,3,37285.0,17,1,1,0,0
1.02,0.91,2.28,4.8,4.0,2.0,12.0,,0,4,2259.0,0.0578616,1,0.3688891,0.1153317,0.1982085,102600.0,3,37285.0,17,1,0,0,0
1.06,1.0,2.13,4.75,3.0,6.0,12.5,16.0,0,3,1179.0,0.0795362,1,0.0726936,0.0297103,0.0335308,180200.0,3,62684.0,17,1,0,0,1
1.02,0.98,0.95,4.6,4.0,3.0,17.0,15.5,0,3,1179.0,0.0795362,1,0.0726936,0.0297103,0.0335308,180200.0,3,62684.0,17,1,0,0,1
1.02,0.75,2.56,4.25,4.0,3.0,10.0,6.0,0,2,1846.0,0.0618229,1,0.1362687,0.1549544,0.1834426,107900.0,3,36633.0,23,1,0,1,0
1.04,0.85,0.91,4.5,5.0,3.0,16.0,19.0,0,1,331.0,0.0402311,1,0.1362687,0.1549544,0.1834426,107900.0,3,36633.0,23,1,1,0,0
1.06,0.8,2.56,4.25,4.0,3.0,10.0,19.5,0,2,2518.0,0.0296963,1,0.0024945,0.0453767,0.0710941,134000.0,3,41129.0,23,1,0,1,0
1.09,0.95,1.04,5.0,3.0,3.0,16.0,13.0,1,1,2518.0,0.0296963,1,0.0024945,0.0453767,0.0710941,134000.0,3,41129.0,23,1,1,0,0
1.23,,2.3,4.75,5.0,5.0,24.0,80.0,1,3,262.0,0.0272345,1,0.0045422,0.0456026,0.0409357,127300.0,1,41525.0,23,1,0,0,1
1.06,0.94,1.1,4.25,4.0,3.0,15.0,16.5,0,1,3240.0,0.0493827,1,0.0862337,0.0718378,0.114218,109400.0,2,32104.0,23,1,1,0,0
1.06,0.86,1.02,4.5,,3.0,15.0,7.5,0,1,262.0,0.0272345,1,0.0013052,0.0349272,0.026936,130400.0,2,41759.0,23,1,1,0,0
1.09,0.95,1.03,4.25,4.0,3.0,15.0,13.0,1,1,4913.0,0.0331188,1,0.0060946,0.0380384,0.0774101,160300.0,4,45907.0,23,1,1,0,0
1.2,1.18,1.06,4.75,3.0,8.0,15.0,12.0,0,3,4913.0,0.0331188,1,0.0060946,0.0380384,0.0774101,160300.0,4,45907.0,23,1,0,0,1
1.06,0.8,2.56,4.25,4.0,3.0,10.0,10.0,0,2,4913.0,0.0331188,1,0.0060946,0.0380384,0.0774101,160300.0,4,45907.0,23,1,0,1,0
1.06,1.01,2.66,4.5,3.0,3.0,10.5,6.5,0,2,1999.0,0.0314435,1,0.0,0.0401401,0.0496894,311700.0,1,63278.0,19,1,0,1,0
0.95,0.84,0.94,4.62,3.0,2.0,11.5,50.0,0,4,1835.0,0.0461039,1,0.0173525,0.1702234,0.1388439,146100.0,2,29797.0,23,1,0,0,0
1.06,0.8,2.56,5.0,5.0,3.0,10.0,12.5,0,2,1835.0,0.0461039,1,0.0076008,0.0502619,0.0639587,143500.0,6,46701.0,23,1,0,1,0
1.09,0.93,1.04,4.25,4.0,3.0,17.0,19.0,1,1,1835.0,0.0461039,1,0.0076008,0.0502619,0.0639587,143500.0,6,46701.0,23,1,1,0,0
1.12,1.02,1.02,5.5,3.0,5.0,12.5,17.0,0,1,1835.0,0.0461039,1,0.0076008,0.0502619,0.0639587,143500.0,6,46701.0,23,1,1,0,0
1.06,0.85,2.34,5.0,4.0,4.0,10.0,9.0,1,2,970.0,0.059417,1,0.011629,0.0309036,0.0540894,165800.0,1,52913.0,26,1,0,1,0
1.06,0.91,1.04,4.25,3.0,2.0,15.0,13.0,0,1,1962.0,0.0415863,1,0.0231497,0.0225605,0.038316,188400.0,8,63905.0,18,1,1,0,0
1.1,1.0,0.74,5.25,3.0,4.0,16.0,30.0,0,3,1962.0,0.0415863,1,0.0231497,0.0225605,0.038316,188400.0,8,63905.0,18,1,0,0,1
1.13,0.98,1.04,4.5,3.0,3.0,16.0,16.0,1,1,1962.0,0.0415863,1,0.0231497,0.0225605,0.038316,188400.0,8,63905.0,18,1,1,0,0
0.91,0.85,1.06,5.05,3.0,2.0,12.5,25.0,0,4,1962.0,0.0415863,1,0.0231497,0.0225605,0.038316,188400.0,8,63905.0,18,1,0,0,0
1.09,,0.95,4.62,3.0,4.0,16.0,18.0,0,3,1962.0,0.0415863,1,0.0231497,0.0225605,0.038316,188400.0,8,63905.0,18,1,0,0,1
,,,,4.0,5.0,12.5,20.0,0,3,1962.0,0.0415863,1,0.0231497,0.0225605,0.038316,188400.0,8,63905.0,18,1,0,0,1
1.12,1.07,1.1,4.25,5.0,,17.0,21.75,1,3,2893.0,0.0411818,1,0.0646623,0.0381158,0.0336869,161200.0,4,51806.0,18,1,0,0,1
1.49,1.02,1.11,4.25,2.0,8.0,13.0,15.25,0,1,2893.0,0.0411818,1,0.0646623,0.0381158,0.0336869,161200.0,4,51806.0,18,1,1,0,0
0.91,0.86,1.06,4.5,3.0,2.0,11.5,20.0,0,4,2893.0,0.0411818,1,0.0646623,0.0381158,0.0336869,161200.0,4,51806.0,18,1,0,0,0
1.06,0.95,1.01,,5.0,3.0,14.5,10.0,0,1,2893.0,0.0411818,1,0.0464232,0.0228436,0.0322058,230100.0,2,65339.0,18,1,1,0,0
1.12,1.07,1.06,4.75,2.0,5.0,17.0,14.0,1,3,3784.0,0.0308694,1,0.0443038,0.0263239,0.0510308,156200.0,1,50884.0,18,1,0,0,1
1.12,1.07,1.0,4.5,3.0,5.0,18.0,19.75,1,3,2893.0,0.0411818,1,0.0175085,0.0592482,0.0806025,174100.0,1,51781.0,13,1,0,0,1
1.02,0.91,1.06,4.75,4.0,2.0,12.5,17.5,0,4,4656.0,0.0317088,1,0.0626876,0.0301999,0.0758146,171100.0,1,56442.0,18,1,0,0,0
1.02,0.91,2.57,5.5,4.0,2.0,13.0,14.0,0,4,2491.0,0.031982,1,0.1732801,0.0288357,0.0327436,169600.0,4,56126.0,18,1,0,0,0
1.03,1.06,2.56,5.25,3.0,4.0,11.0,12.0,0,2,2491.0,0.031982,1,0.1732801,0.0288357,0.0327436,169600.0,4,56126.0,18,1,0,1,0
1.06,0.95,1.01,4.75,4.0,4.0,16.0,22.5,0,1,2491.0,0.031982,1,0.1732801,0.0288357,0.0327436,169600.0,4,56126.0,18,1,1,0,0
0.95,0.95,1.06,5.5,2.0,,12.5,,0,4,2491.0,0.031982,1,0.1732801,0.0288357,0.0327436,169600.0,4,56126.0,18,1,0,0,0
1.06,0.95,1.0,,4.0,3.0,16.0,11.0,0,1,1474.0,0.0289509,1,0.0319995,0.0213687,0.0540129,166100.0,2,55852.0,18,1,1,0,0
0.91,0.85,2.34,4.5,4.0,4.0,12.5,15.0,0,2,9223.0,0.0727238,1,0.1120184,0.1464824,0.2527899,126100.0,3,33462.0,18,1,0,1,0
1.06,1.06,1.06,5.5,4.0,5.0,17.0,27.5,0,3,9223.0,0.0727238,1,0.1120184,0.1464824,0.2527899,126100.0,3,33462.0,18,1,0,0,1
1.05,0.95,0.98,4.25,5.0,3.0,17.0,25.0,0,1,5433.0,0.019293,1,0.0118853,0.0750053,0.126871,108900.0,2,38782.0,29,1,1,0,0
0.95,0.95,1.06,5.37,3.0,,11.5,15.0,0,4,2108.0,0.0339564,1,0.0425708,0.0235555,0.0715638,153400.0,2,51471.0,18,1,0,0,0
1.07,0.95,0.95,4.75,5.0,3.0,16.0,17.5,0,1,912.0,0.0425666,1,0.2369736,0.0373703,0.0482296,164000.0,2,60173.0,26,1,1,0,0
1.28,1.06,2.3,4.5,5.0,2.0,24.0,30.0,1,3,2108.0,0.0339564,1,0.018886,0.0623847,0.0983291,136200.0,1,44987.0,18,1,0,0,1
1.06,0.85,2.34,5.0,2.0,3.0,11.0,10.25,1,2,2607.0,0.0488062,1,0.1092738,0.0269086,0.0534391,177600.0,2,57139.0,18,1,0,1,0
1.06,0.95,1.06,4.75,4.0,4.0,17.0,32.5,0,1,2607.0,0.0488062,1,0.1092738,0.0269086,0.0534391,177600.0,2,57139.0,18,1,1,0,0
0.98,0.84,0.84,4.25,7.0,6.0,16.5,25.5,0,1,2748.2,0.0532673,2,0.0218909,0.0715815,0.0799149,122800.0,4,43886.0,15,0,1,0,0
0.98,0.82,0.8,4.25,7.0,3.0,16.5,20.0,0,1,2748.2,0.0532673,2,0.0218909,0.0715815,0.0799149,122800.0,4,43886.0,15,0,1,0,0
1.01,0.89,3.5,4.5,3.0,4.0,12.0,11.0,0,2,2748.2,0.0532673,2,0.0144756,0.0652374,0.1179583,87800.0,1,36388.0,15,0,0,1,0
0.98,0.82,0.85,4.25,6.0,3.0,16.5,13.5,0,1,6451.463,0.0578806,2,0.0427765,0.0727119,0.1171368,104400.0,2,37883.0,22,0,1,0,0
0.87,0.77,0.95,5.0,5.0,3.0,12.0,15.5,1,4,6451.463,0.0578806,2,0.0427765,0.0727119,0.1171368,104400.0,4,37883.0,22,0,0,0,0
0.87,0.79,0.9,4.67,3.0,2.0,12.0,35.0,1,4,4011.429,0.0257301,2,0.0073235,0.0360799,0.0717868,111400.0,2,42350.0,15,0,0,0,0
1.05,0.86,0.86,4.5,,3.0,17.0,32.5,0,1,854.4,0.0114767,2,0.0084183,0.0369217,0.0164766,141500.0,1,50099.0,15,0,1,0,0
0.87,0.77,1.65,5.5,5.0,2.0,12.0,19.0,1,4,1763.923,0.058349,2,0.0133469,0.0510291,0.0847772,98500.0,4,38465.0,15,0,0,0,0
1.01,0.89,2.35,4.25,3.0,5.0,13.0,7.5,0,2,1763.923,0.058349,2,0.0133469,0.0510291,0.0847772,98500.0,4,38465.0,15,0,0,1,0
1.03,1.03,0.52,,3.0,4.0,16.5,37.5,0,1,687.667,0.0531915,2,0.0036328,0.0581477,0.0337733,105000.0,2,35812.0,22,0,1,0,0
1.03,0.73,0.52,4.25,2.0,4.0,17.5,17.0,0,1,2122.308,0.0177601,2,0.0,0.0887433,0.0120482,112300.0,1,38844.0,22,0,1,0,0
0.94,0.74,0.86,4.25,5.0,2.0,11.5,20.0,0,4,6045.257,0.0601558,2,0.153981,0.3404654,0.5432357,49300.0,2,18963.0,15,0,0,0,0
0.91,0.89,0.81,4.25,3.0,2.0,10.5,7.5,0,4,6045.257,0.0601558,2,0.153981,0.3404654,0.5432357,49300.0,2,18963.0,15,0,0,0,0
0.98,0.83,0.86,4.5,5.0,3.0,16.5,19.0,0,1,6045.257,0.0601558,2,0.0343853,0.0821592,0.0940994,91000.0,7,36871.0,15,0,1,0,0
1.01,0.84,0.63,4.25,3.0,4.0,14.0,16.0,0,1,6045.257,0.0601558,2,0.0343853,0.0821592,0.0940994,91000.0,7,36871.0,15,0,1,0,0
0.87,0.77,1.01,4.75,3.0,2.0,12.0,20.5,1,4,6045.257,0.0601558,2,0.0343853,0.0821592,0.0940994,91000.0,7,36871.0,15,0,0,0,0
0.98,0.83,0.86,4.25,6.0,3.0,16.0,12.0,0,1,6045.257,0.0601558,2,0.0343853,0.0821592,0.0940994,91000.0,7,36871.0,15,0,1,0,0
1.01,0.9,2.35,,4.0,4.0,13.0,9.75,0,2,6045.257,0.0601558,2,0.0343853,0.0821592,0.0940994,91000.0,7,36871.0,15,0,0,1,0
0.87,0.82,1.79,5.0,4.0,2.0,12.0,30.0,1,4,6045.257,0.0601558,2,0.011649,0.0321562,0.0797298,114100.0,2,46197.0,15,0,0,0,0
1.0,0.87,0.94,4.35,4.0,3.0,16.0,17.0,0,1,4219.492,0.0229363,2,0.0026857,0.1216933,0.1995164,44200.0,3,27960.0,16,0,1,0,0
0.95,0.73,0.8,4.25,4.0,3.0,16.0,25.0,0,1,374.7337,0.0118427,2,0.001853,0.0877029,0.1285714,65700.0,2,34384.0,14,0,1,0,0
0.89,0.79,2.01,4.25,3.0,2.0,11.5,12.5,0,4,3217.059,0.012068,2,0.0021295,0.0346845,0.0511178,108900.0,2,43847.0,14,0,0,0,0
0.89,0.77,0.84,4.25,3.0,2.0,11.5,35.0,0,4,2280.726,0.034948,2,0.0,0.109913,0.2226584,55700.0,2,27759.0,14,0,0,0,0
0.95,0.75,,4.25,5.0,3.0,16.0,40.0,0,1,2280.726,0.034948,2,0.0,0.109913,0.2226584,55700.0,2,27759.0,14,0,1,0,0
0.89,0.79,1.8,4.25,4.0,2.0,11.5,13.5,0,4,2280.726,0.0051802,2,0.0106243,0.1832357,0.1993483,49300.0,3,26355.0,14,0,0,0,0
0.89,0.8,0.84,4.25,3.0,2.0,12.5,22.0,0,4,2280.726,0.034948,2,0.0216164,0.1457786,0.2291949,64500.0,1,32218.0,14,0,0,0,0
0.94,0.74,0.79,4.5,5.0,3.0,16.0,47.5,0,1,10336.67,0.020832,2,0.0,0.10523,0.1855899,66400.0,2,30734.0,14,0,1,0,0
0.95,0.75,0.79,4.25,3.0,3.0,15.5,19.75,0,1,2280.726,0.034948,2,0.00283,0.0748924,0.1423832,69500.0,1,30833.0,14,0,1,0,0
1.01,0.84,2.43,4.25,3.0,2.0,8.0,4.5,0,2,370.7,0.0168951,2,0.0023693,0.127441,0.1819918,52200.0,1,29091.0,16,0,0,1,0
0.95,0.75,0.8,4.25,4.0,3.0,15.0,32.5,0,1,370.7,0.0144537,2,0.0,0.0849315,0.1234234,66600.0,2,33696.0,16,0,1,0,0
,,0.52,4.25,3.0,4.0,16.5,12.5,0,1,1139.0,0.0359965,2,0.0145094,0.0637532,0.0758323,74800.0,2,32161.0,16,0,1,0,0
1.05,1.01,0.94,5.0,3.0,5.0,15.0,18.0,0,3,4783.75,0.0104521,2,0.0089542,0.004298,0.0071392,172700.0,2,59721.0,20,0,0,0,1
1.05,0.9,2.01,5.0,3.0,3.0,16.0,33.0,1,3,4520.5,0.0307488,2,0.0103555,0.0429921,0.062506,115700.0,3,40831.0,4,0,0,0,1
0.97,0.86,0.91,4.5,4.0,3.0,19.0,44.5,0,1,4520.5,0.0307488,2,0.0103555,0.0429921,0.062506,115700.0,3,40831.0,4,0,1,0,0
0.94,0.73,2.32,5.0,2.0,4.0,10.0,7.0,1,2,2856.111,0.006035,2,0.0008917,0.011649,0.0118074,209900.0,1,66147.0,4,0,0,1,0
0.95,0.79,0.91,4.25,3.0,3.0,18.0,21.0,0,1,4996.667,0.0248499,2,0.0094937,0.0504995,0.0809199,116300.0,2,38788.0,20,0,1,0,0
0.95,0.74,2.33,,2.0,4.0,10.0,6.5,1,2,1412.9,0.0107989,2,0.007889,0.024632,0.0480313,174100.0,2,59286.0,4,0,0,1,0
,,,4.87,3.0,3.0,18.0,12.5,0,1,6546.25,0.0566164,2,0.1215625,0.1088358,0.1377158,86900.0,2,35537.0,4,0,1,0,0
0.94,0.9,0.94,4.5,3.0,6.0,16.0,15.0,0,3,1412.9,0.0107989,2,0.0370746,0.0263158,0.056633,144800.0,1,55759.0,20,0,0,0,1
1.05,1.01,1.11,5.0,3.0,6.0,12.5,12.5,1,3,2946.753,0.0517956,2,0.0544514,0.0502634,0.0707113,117600.0,3,43570.0,4,0,0,0,1
0.94,0.73,2.53,4.5,3.0,4.0,10.0,5.5,1,2,896.5,0.006035,2,0.0166479,0.0504494,0.0877267,114500.0,2,46296.0,4,0,0,1,0
1.05,0.91,1.05,4.75,3.0,5.0,16.0,17.25,1,3,1412.9,0.0107989,2,0.0145029,0.0928655,0.0784191,158700.0,2,54084.0,20,0,0,0,1
1.05,0.91,1.05,4.25,4.0,5.0,16.0,19.5,1,3,1412.9,0.0107989,2,0.0577932,0.0381418,0.0715134,123100.0,2,48141.0,20,0,0,0,1
0.84,0.84,0.94,4.25,3.0,3.0,16.5,21.5,0,1,1412.9,0.0107989,2,0.0577932,0.0381418,0.0715134,123100.0,2,48141.0,20,0,1,0,0
1.05,0.95,1.16,5.0,3.0,3.0,16.0,11.0,1,3,4954.0,0.0205894,2,0.0092423,0.0341204,0.0585505,131200.0,2,45772.0,20,0,0,0,1
1.05,0.94,1.16,5.0,4.0,5.0,16.0,15.0,1,3,1289.006,0.0198712,2,0.0442396,0.0142377,0.0335069,136400.0,2,49038.0,20,0,0,0,1
0.97,0.82,0.84,4.75,3.0,3.0,16.5,12.5,0,1,5406.0,0.006035,2,0.0267276,0.0422458,0.0628277,159400.0,4,51489.0,4,0,1,0,0
1.04,0.88,0.94,5.0,3.0,3.0,18.0,67.5,0,1,896.5,0.006035,2,0.0523678,0.040337,0.0452868,133100.0,3,46886.0,4,0,1,0,0
1.05,0.84,0.96,5.0,5.0,6.0,24.0,18.5,0,1,896.5,0.006035,2,0.0523678,0.040337,0.0452868,133100.0,3,46886.0,4,0,1,0,0
0.97,0.84,0.91,4.75,4.0,3.0,18.0,17.0,0,1,896.5,0.006035,2,0.0115231,0.0308797,0.0354898,102500.0,1,45160.0,4,0,1,0,0
0.73,0.73,2.32,5.25,5.0,4.0,10.0,6.0,1,2,896.5,0.006035,2,0.0221449,0.0413478,0.0355017,95800.0,2,40648.0,4,0,0,1,0
1.03,0.84,0.94,4.5,3.0,4.0,18.0,,0,1,896.5,0.006035,2,0.0084763,0.034907,0.0368086,119800.0,2,46705.0,4,0,1,0,0
0.94,0.8,0.94,4.75,4.0,2.0,11.5,16.75,0,4,896.5,0.006035,2,0.0618702,0.0446208,0.0384408,98700.0,2,43047.0,4,0,0,0,0
1.05,0.9,0.94,4.25,3.0,4.0,16.0,15.0,1,3,896.5,0.006035,2,,,,,1,,4,0,0,0,1
0.97,0.84,0.91,4.75,4.0,3.0,16.5,14.5,0,1,1412.9,0.0107989,2,0.1210589,0.0359122,0.0555331,125100.0,2,45763.0,20,0,1,0,0
1.01,0.91,1.05,4.75,3.0,6.0,16.5,12.0,1,3,3634.487,0.0329994,2,0.1210589,0.0359122,0.0555331,125100.0,2,45763.0,20,0,0,0,1
0.91,0.84,0.85,4.75,3.0,2.0,12.0,25.0,1,4,8844.0,0.0697487,2,0.1855296,0.0707771,0.1661133,96300.0,6,40370.0,20,0,0,0,0
0.95,0.74,2.53,5.25,3.0,3.0,10.0,13.75,1,2,8844.0,0.0697487,2,0.1855296,0.0707771,0.1661133,96300.0,6,40370.0,20,0,0,1,0
0.92,0.72,0.96,5.0,5.0,3.0,18.0,21.5,0,1,8844.0,0.0697487,2,0.1855296,0.0707771,0.1661133,96300.0,6,40370.0,20,0,1,0,0
1.05,0.79,1.01,5.0,3.0,5.0,16.0,26.5,0,3,2273.39,0.0310892,2,0.1855296,0.0707771,0.1661133,96300.0,6,40370.0,20,0,0,0,1
0.9,0.69,1.75,5.0,5.0,2.0,12.0,14.0,1,4,6171.429,0.0697487,2,0.0393387,0.0237512,0.0369079,142200.0,3,53087.0,20,0,0,0,0
1.05,1.01,1.05,5.0,4.0,5.0,16.0,16.25,1,3,13176.0,0.0697487,2,0.0393387,0.0237512,0.0369079,142200.0,3,53087.0,20,0,0,0,1
0.94,0.73,2.32,5.0,1.0,4.0,10.0,8.5,1,2,6171.429,0.0697487,2,0.0055684,0.066641,0.2069127,87200.0,1,35453.0,20,0,0,1,0
1.13,0.98,1.01,5.0,3.0,3.0,12.5,10.5,0,1,1412.9,0.0107989,2,0.0302522,0.0251859,0.0368119,141400.0,4,54252.0,20,0,1,0,0
1.11,0.91,0.95,5.0,2.0,6.0,11.5,13.0,1,3,1412.9,0.0107989,2,0.0302522,0.0251859,0.0368119,141400.0,4,54252.0,20,0,0,0,1
0.97,0.84,0.94,5.5,3.0,3.0,18.0,25.5,0,1,8844.0,0.0697487,2,0.0475331,0.0198634,0.0228396,220800.0,1,70037.0,20,0,1,0,0
0.95,0.94,0.95,5.0,3.0,4.0,18.0,55.0,0,1,7379.091,0.0368363,2,0.0568067,0.065327,0.1163294,103000.0,3,37830.0,20,0,1,0,0
1.05,0.91,0.95,4.5,2.0,,13.0,16.5,0,3,4783.75,0.0104521,2,0.0338346,0.0366492,0.0,196300.0,1,83379.0,20,0,0,0,1
0.97,1.05,0.91,4.25,3.0,3.0,16.5,38.5,0,1,5679.655,0.0324813,2,0.0224585,0.02757,0.0672836,141800.0,5,51025.0,20,0,1,0,0
1.05,1.01,0.94,5.0,2.0,6.0,14.0,16.5,0,3,5679.655,0.0324813,2,0.0224585,0.02757,0.0672836,141800.0,5,51025.0,20,0,0,0,1
0.91,0.84,0.84,4.5,3.0,2.0,12.0,19.5,1,4,5679.655,0.0324813,2,0.0224585,0.02757,0.0672836,141800.0,5,51025.0,20,0,0,0,0
1.05,0.9,0.73,5.0,3.0,,16.0,17.5,1,3,4098.919,0.0298694,2,0.0346725,0.0077434,0.0254351,102300.0,1,42298.0,8,0,0,0,1
0.97,0.78,0.99,4.25,4.0,3.0,16.5,22.0,0,1,4098.919,0.0298694,2,0.0392693,0.0364045,0.076106,121600.0,3,46988.0,8,0,1,0,0
0.95,0.74,2.33,4.5,3.0,4.0,10.0,5.5,1,2,4098.919,0.0298694,2,0.0392693,0.0364045,0.076106,121600.0,3,46988.0,8,0,0,1,0
1.11,1.05,0.94,4.5,3.0,2.0,12.5,10.0,1,3,1412.9,0.0107989,2,0.0297277,0.0167543,0.0359461,154200.0,2,54632.0,20,0,0,0,1
0.95,0.74,2.33,4.75,3.0,4.0,10.0,8.0,1,2,4309.02,0.0257489,2,0.0588402,0.0573621,0.1006929,98200.0,4,40585.0,20,0,0,1,0
0.97,0.84,0.91,4.25,4.0,3.0,18.0,35.0,0,1,4309.02,0.0257489,2,0.0588402,0.0573621,0.1006929,98200.0,4,40585.0,20,0,1,0,0
0.97,0.86,0.89,4.75,4.0,3.0,17.0,18.5,0,1,4309.02,0.0257489,2,0.0588402,0.0573621,0.1006929,98200.0,4,40585.0,20,0,1,0,0
1.02,0.89,0.9,4.5,3.0,3.0,15.0,29.0,0,1,452.4,0.0080905,2,0.0010225,0.0251025,0.0713246,118700.0,2,37477.0,3,0,1,0,0
